-- MySQL dump 10.13  Distrib 9.3.0, for macos15.4 (arm64)
--
-- Host: 127.0.0.1    Database: cds_infra
-- ------------------------------------------------------
-- Server version	8.0.43

/*!40101 SET @OLD_CHARACTER_SET_CLIENT=@@CHARACTER_SET_CLIENT */;
/*!40101 SET @OLD_CHARACTER_SET_RESULTS=@@CHARACTER_SET_RESULTS */;
/*!40101 SET @OLD_COLLATION_CONNECTION=@@COLLATION_CONNECTION */;
/*!50503 SET NAMES utf8mb4 */;
/*!40103 SET @OLD_TIME_ZONE=@@TIME_ZONE */;
/*!40103 SET TIME_ZONE='+00:00' */;
/*!40014 SET @OLD_UNIQUE_CHECKS=@@UNIQUE_CHECKS, UNIQUE_CHECKS=0 */;
/*!40014 SET @OLD_FOREIGN_KEY_CHECKS=@@FOREIGN_KEY_CHECKS, FOREIGN_KEY_CHECKS=0 */;
/*!40101 SET @OLD_SQL_MODE=@@SQL_MODE, SQL_MODE='NO_AUTO_VALUE_ON_ZERO' */;
/*!40111 SET @OLD_SQL_NOTES=@@SQL_NOTES, SQL_NOTES=0 */;

--
-- Table structure for table `bid_apply_opts`
--

DROP TABLE IF EXISTS `bid_apply_opts`;
/*!40101 SET @saved_cs_client     = @@character_set_client */;
/*!50503 SET character_set_client = utf8mb4 */;
CREATE TABLE `bid_apply_opts` (
  `business_id` varchar(64) COLLATE utf8mb4_unicode_ci DEFAULT NULL,
  `project_name` varchar(64) COLLATE utf8mb4_unicode_ci DEFAULT NULL,
  `project_code` varchar(64) COLLATE utf8mb4_unicode_ci DEFAULT NULL,
  `project_type` varchar(64) COLLATE utf8mb4_unicode_ci DEFAULT NULL,
  `purchaser_name` varchar(64) COLLATE utf8mb4_unicode_ci DEFAULT NULL,
  `bid_type` varchar(64) COLLATE utf8mb4_unicode_ci DEFAULT NULL,
  `agency_name` varchar(64) COLLATE utf8mb4_unicode_ci DEFAULT NULL,
  `agency_contact` varchar(128) COLLATE utf8mb4_unicode_ci DEFAULT NULL,
  `winner` tinyint(1) DEFAULT NULL
) ENGINE=InnoDB DEFAULT CHARSET=utf8mb4 COLLATE=utf8mb4_unicode_ci;
/*!40101 SET character_set_client = @saved_cs_client */;

--
-- Dumping data for table `bid_apply_opts`
--

LOCK TABLES `bid_apply_opts` WRITE;
/*!40000 ALTER TABLE `bid_apply_opts` DISABLE KEYS */;
INSERT INTO `bid_apply_opts` VALUES ('202501081508000114134','凤台县2025年老年助餐服务信息监管平台系统运维服务项目报价','/','OM','中国联合网络通信有限公司淮南市分公司','UT','/','/',0),('202501101105000154501','昆仑数智科技有限责任公司2025年人员外包服务项目及技术服务外包入围项目','HBYT-ZBZX-FWZB-2025-0110/0111','S','昆仑数智科技有限责任公司','UT','华北石油管理局有限公司招标中心','钱女士、0317-2758659',0),('202501142120000435429','合肥市社会救助综合服务平台运维','2025BFFFD00036','OM','合肥市民政局','SSP','合肥市政府采购中心','齐工、0551-66223791',1),('202501151631000535156','桐城市基层卫生医疗机构信息化系统运维服务项目','/','OM','桐城市卫生健康委员会','DP','安徽添壹建筑工程咨询有限公司','吴先生\n 0556-6122887',1),('202501212025000540261','安庆市经开区检验检查互认和公卫慢阻肺功能升级项目',NULL,'UP',NULL,'UT',NULL,NULL,0),('202501212043000250030','经开区检验检查互认和公卫慢阻肺功能升级项目','CG-AQ-W2025-025','S','安庆经济技术开发区社会事业发展局','CN','安庆皖宜高科工程咨询有限公司','徐峰\n0556-5999972',1),('202501221811000131899','中国石油加油站管理系统运行维护（2025年）项目智慧销售信息系统一线运维服务采购','ZY25-Z227-FW010','OM','昆仑数智科技有限责任公司','OT','中国石油物资有限公司','陈怡鸣、王婉瑾010-62065736、010-62065716',1),('202502061115000364423','智慧共享中药房基层HIS接口服务项目',NULL,'UP',NULL,'UT',NULL,NULL,0),('202502061122000028551','智慧共享中药房基层HIS接口服务项目','/','S','华润安徽医药有限公司','SCT','华润安徽医药有限公司','卜令恒 18156268063',1),('202502061355000021559','淮安市涟水县妇幼保健院信息化建设软硬件采购及安装项目','JSZC-320826-JZCG-G2025-0002','SH','涟水县妇幼保健院','OT','淮安市公共资源交易中心涟水分中心','汪晓0517-82315603',0),('202502171010000269570','固镇县全民健康信息平台服务器增加硬盘项目询价','/','H','固镇县卫生健康委员会','UT','/','/',0),('202502211052000519223','安庆市大观区检验检查结果互认和基本公共卫生服务慢阻肺功能升级项目','HYDL-2025021','S','安庆市大观区卫生健康委员会','CN','安徽华源工程咨询有限公司','刘芳、任德忠、0556-5031824',1),('202502241702000195942','马鞍山市智慧养老服务信息平台项目','MASCG-0-J-F-2025-0105','S','马鞍山市民政局','CC','马鞍山市政府集中采购中心','夏雪婷、徐成 0555-5206653、0555-5206682',1),('202502261752000453808','资阳市雁江区低收入监测系统运维项目','/','OM','雁江区民政局','UT','/','/',0),('202503041638000442916','太和县紧密型县域医共体信息化建设项目市场调研公告','/','S','太和县人民医院','UT','/','/',0),('202503051445000551554','铜陵市郊区社会救助综合服务平台运维服务项目','GDZB-2023-108','S','铜陵市郊区民政局','IT','安徽高度项目管理有限公司','联系人：徐工\n电  话：19156213815',0),('202503051558000235908','中国石油天然气零售系统运行维护（2025年）项目天然气零售系统及配套的一线运维服务采购','ZY25-Z227-FW035','OM','昆仑数智科技有限责任公司','OT','中国石油物资有限公司','陈怡鸣、王婉瑾010-62065736、010-62065716',1),('202503111533000029711','肇源县总医院HIS系统和重症监护信息管理系统升级项目','DTZB-2025-0005','S','肇源县总医院','SSP','黑龙江鼎拓项目管理有限公司','葛先生、0451-51805222-8010',1),('202503171610000593157','昆仑大模型产品接收测试服务采购','/','S','中石油（北京）数智研究院有限公司','IT','中石油（北京）数智研究院有限公司','/',1),('202503181717000496761','濉溪县妇幼保健院信息化建设项目','/','S','濉溪县妇幼保健院','UT','安徽省招标集团股份有限公司','/',0),('202503190944000313947','六安市医保数据专区建设及数据开发利用采购项目第3包','FS34150120250066号','S','六安市医疗保障局','CC','安徽建安工程项目管理有限公司','陈工、0564-5366633',1),('202503201627000403318','肇源县中医院国家传染病智能监测接口开发服务项目','ZC【2022】001','S','肇源县中医院','PC','肇源县中医院','邢士瑞13836939496',1),('202503240928000313573','南阳市第一人民医院医养信息系统采购项目','卧龙政采磋商-2025-12','SH','南阳市第一人民医院','CC','河南恒华工程咨询有限公司','闫好斗、0377-60698882',1),('202503261055000175001','云梦泽智慧平台项目测试服务','ZY25-Z227-FW046','S','昆仑数智科技有限责任公司','OT','中国石油物资有限公司','联系人：陈怡鸣、王婉瑾\n电话：010-62065736、010-62065716',1),('202503281050000278882','长丰县卫生健康委信息化运维项目','2025ACCFN00070','OM','长丰县卫生健康委员会','CC','长丰县公共资源交易有限责任公司','叶育松、0551-62723374、62723373',1),('202504071737000472312','肇源县智慧医院移动端便民服务平台','源财采备[2025]00080号','S','肇源县总医院','UT','肇源县总医院','白师丞 18245745623',1),('202504101537000518391','广东核对项目运维（配合数广）',NULL,'UP',NULL,'UT',NULL,NULL,0),('202504151600000197320','铜官区社会救助综合服务平台运维服务项目','/','OM','铜官区民政局','UT','/','/',0),('202504160848000330716','安徽省民政厅信息系统运维项目','AZZB-2025-FW040902B','OM','安徽省申请救助家庭经济状况核对中心（安徽省民政信息中心）','CC','安徽省安招项目管理有限责任公司','项目联系人：陈经理、张经理\n联系方式：18919662426、2429',1),('202504181208000401290','远程心电市平台运维服务项目','2025WGXYW02','OM','合肥市卫生健康委员会','IT','合肥市卫生健康委员会','黄正兴 0551-65879816,65879811',1),('202504221252000343215','医院管理系统升级','[230624]FDGJ[DY]20250001','S','杜尔伯特蒙古族自治县蒙古族医院','SSP','方大国际工程咨询股份有限公司','0451-82291520',1),('202504291246000179043','濉溪县妇幼保健院信息化建设采购项目','SXQT-25014','SH','濉溪县妇幼保健院','CC','安徽省招标集团股份有限公司','龚恒18217717520，杨文杰13033001037',1),('202505060836000010315','大别山（金寨县）区域医疗数据一体化项目','QT34152420255009\n','S','金寨县国有资产管理运营有限责任公司','OT','安徽省招标集团股份有限公司','杨工\n0551-62220227',0),('202505061006000374798','固镇县卫健委基层卫生院国家传染病预警监测前置软件部署项目','/','S','固镇县卫生健康委员会','CIP','安徽锟联建设项目管理有限公司','王先生、0552-2122020',1),('202505061624000024147','太和县紧密型县域医共体信息化建设项目',NULL,'UP',NULL,'UT',NULL,NULL,0),('202505061645000389517','太和县紧密型县域医共体信息化建设项目','TH2025QT0037','S','太和县人民医院','OT','安徽安天利信工程管理股份有限公司\n','陈刚、谈子辉18365560312、13093556270',0),('202505070921000217887','中国电信股份有限公司淮北分公司淮北市民政局智慧养老助餐监管一体化平台OCR 技术服务项目','ZYT-20250428-035','S','中国电信股份有限公司淮北分公司','SSP','中邮通建设咨询有限公司','柳旭、王圳、成浩15256107302、15655586082',1),('202505091957000135778','四川省民政厅业务系统综合运维项目','/','OM','中国电信股份有限公司四川分公司','UT','/','/',1),('202505141610000455266','亳州市妇幼保健计划生育服务中心智慧医院软件系统升级改造项目','BZSJ2025CG08701','S','亳州市妇幼保健计划生育服务中心','OT','亳州市公共资源交易中心','0558-5991075',0),('202505161216000377228','青海省社会组织法人单位信息资源库第三方运维保障服务项目','/','OM','青海省民政厅','UT','青海省社会组织管理局','孔德婧 0971-4399320',1),('202505161748000254601','绵阳市居民家庭经济状况核对系统和绵阳市低收入人口动态监测预警平台系统信息化建设服务项目','SCGX2025031','S','绵阳市民政局','CC','绵阳市民政局','蒋老师、0816-2558018',1),('202505171047000115662','德令哈市长江路小学标准化考场项目','青海泽源磋商（货物）2025-015  ','SH','德令哈市教育局','CC','青海泽源工程项目管理有限公司 ','项目联系人：张女士\n\n电 话：0971-3833887 ',0),('202505210906000349533','亳州市谯城区民政局衔接并轨应用信息化采购项目','/','S','亳州市谯城区民政局','SCT','汇龙工程咨询有限公司','姜工、18269991888',1),('202505221639000197272','宜宾市中小企业数字化服务商遴选入围申请','/','UP','宜宾市数据局','UT','/','/',0),('202505271406000171761','博爱成都信息化建设服务采购项目','0701-2541SC110436','S','成都市红十字会','CC','中技国际招标有限公司','谭老师19382128415、吕老师19382129485',1),('202505291500000573801','遂宁安居区安居区民政局“安逸救”一体化综合服务平台项目竞争性磋商',NULL,'UP',NULL,'UT',NULL,NULL,0),('202505291501000317124','安居区民政局“安逸救”一体化综合服务平台项目','SCXY-2025-101号','S','遂宁市安居区民政局','CC','四川祥跃项目管理有限公司','田女士 、0825-2280987',1),('202505301722000042688','中电鸿信科技有限公司2025年院区智慧化改造设备及服务采购项目（淮安）','10048596580001-12','SH','中电鸿信信息科技有限公司','OT','中通服咨询设计研究院有限公司','戴珍珍、伏广权、胡畔15061412269（报名）、19975081698、13913955292',0),('202505301839000019387','四川省低收入人口动态监测信息平台刚性支出困难家庭认定子系统拓展建设项目','/','S','四川省民政厅','CN','/','韩老师、028-84423023',1),('202506031629000492375','民政资金发放监管信息平台服务保障项目招标公告','HFZB-202505070','S','东莞市民政局','OT','广东和丰招标代理有限公司','许先生0769-28681631',0),('202506040853000471744','池州市核对项目',NULL,'UP',NULL,'UT',NULL,NULL,0),('202506040854000485736','池州市核对项目',NULL,'UP',NULL,'UT',NULL,NULL,0),('202506041307000570114','“天府救助通”四川省低收入人口动态监测信息平台电子签章设备采购项目','/','H','达州市达川区民政局','CN','达州市达川区民政局','吴先生、0818-5102658',0),('202506061924000354569','安徽省社会救助一件事联办应用开发项目第1包','2025BFAFZ01289','S','安徽省申请救助家庭经济状况核对中心（安徽省民政信息中心）','OT','安徽省政府采购中心','项目联系人：李工\n电话：0551-66223646',1),('202506131609000037757','桐城市医共体检验互联互通服务项目',NULL,'UP',NULL,'UT',NULL,NULL,0),('202506131612000213374','桐城市医共体检验互联互通服务项目','/','S','桐城市卫生健康委员会','CC','桐城市项目咨询管理有限公司','江先生、0556-6810297',1),('202506160958000489138','望江县开展全省“两项政策”衔接并轨改革试点工作之民政低收入平台系统升级项目','WJXM-2025046','S','望江县民政局','CN','望江县项目咨询管理有限公司','余新兵、方红、高君、 0556-7157506',1),('202506181447000374311','裕安区卫生公共服务平台建设项目','JC34150320250137号','S','六安市裕安区卫生健康委员会','OT','六安市裕安区政府采购中心（挂牌机构） ','陶工0564-3303020',0),('202506200848000589716','徽州区“两项政策”衔接并轨采购项目','ahzx20250605','S','黄山市徽州区民政局','UT','安徽振兴工程咨询有限公司','张先生、15305599977',1),('202506262054000503741','阜阳市防止返贫帮扶政策和农村低收入人口常态化帮扶政策衔接并轨监测模块建设项目','AHZCZB(2025)032','S','阜阳市民政局','UT','安徽正诚项目管理有限公司','赵工 18505582060',1),('202506301409000092279','修文县六广镇中心卫生院慢病管理系统与贵州省公卫系统数据对接采购项目','[XWX-LGZZXWSY-2025-002]','S','修文县六广镇中心卫生院','UT','修文县六广镇中心卫生院','联系人：田医师\n电话：0851-82323014',1),('202506301609000526730','桐城市区域合理用药管理系统项目','H1QT25Z990154','S','桐城市卫生健康委员会','CC','桐城市项目咨询管理有限公司','倪先生、0556-6810297',1),('202507010958000583837','省政府网站集约化平台政务新媒体监管系统开发（一期）项目','2025BFAFZ01572','S','安徽省人民政府网管理中心','OT','安徽省政府采购中心','李工0551-66223646',0),('202507141027000501769','清镇市第一人民医院（医共体）基本公共卫生系统接口服务（二次发布）、清镇市中医医院（医共体）基本公共卫生系统提供的接口服务','QZSYY2025-7-14-2','S','清镇市第一人民医院','UT','/','/',1),('202507161700000205377','生产管理系统运行维护项目运维服务分包','HBYT-ZBZX-FWZB-2025-0604','OM','昆仑数智科技有限责任公司','OT','华北石油管理局有限公司招标中心','钱女士15231719918',0),('202507181029000207792','铜陵市郊区衔接并轨应用信息化项目','GDZB-2025-044','S','铜陵郊区民政局','IT','安徽高度项目管理有限公司','13955949375',1),('202507220907000285865','宿州市低收入人口动态监测信息平台升级改造项目','AHWL20250721','S','宿州市民政局','CC','安徽伟宏项目管理有限公司','张工15555705986',1),('202507251409000375403','巢湖市基层卫生院国家传染病预警监测前置软件部署建设项目','2025JRAZB0025','S','巢湖市烔炀镇中心卫生院','UT','安徽金瑞安工程科技有限公司','卢工 13721098860',1),('202507280939000193081','青海e就业”信息系统建设项目','青海硕方公招（服务）2025-021','S','青海省就业服务局','OT','青海硕方工程项目管理有限公司  ','王女士：18009712301 ',0),('202507281136000177921','攀枝花共同富裕试验区低收入群体监测帮扶服务平台（数字驾驶舱）二期建设采购项目','SCJC-FZ(P)-202507032','S','攀枝花市人力资源和社会保障信息中心','CC','四川锦创全过程工程项目管理有限公司','马先生18582450920',1),('202507281156000073475','三明市养老服务综合管理平台升级改造项目（包一）','闽宏正[2025]明招010号','S','三明市民政局','CC','福建宏正招拍工程咨询有限公司','小郑、0598-8335026',1),('202507281610000212814','肥东县2020年卫生健康信息化智慧医疗建设项目运维项目竞争性磋商公告[2025]',NULL,'UP',NULL,'UT',NULL,NULL,0),('202507281616000528983','肥东县2020年卫生健康信息化智慧医疗建设项目运维项目','2025ADDFN00120','OM','肥东县卫生健康委员会','CC','肥东县公共资源交易有限公司','项目联系人：丁工\n电话：0551-67758735',1),('202507301755000087540','中电信数智科技有限公司安徽分公司阜阳市县域基层医疗信息化建设项目','AHDX250438','S','中电信数智科技有限公司安徽分公司','OT','安徽电信规划设计有限责任公司','翟恒阳0551-65580345 ',1),('202508010959000135634','合肥市医保数据专区建设和场景应用项目','2025BFFFZ01975','S','合肥市医疗保障局','OT','合肥市政府采购中心','李工、0551-66223645、66223646',1),('202508081623000583996','泗县妇幼保健计划生育服务中心（泗县妇幼保健院）智慧医院建设项目','EP-SXQT2025039','S','泗县妇幼保健计划生育服务中心（泗县妇幼保健院）','CC','宿州市钧凡工程咨询有限公司','郭工18110708586',1),('202508121109000525971','安徽省“就业专项资金精准管控”平台项目','GN2025-Z24-123','S','蚌埠市智城大数据有限公司','OT','安徽省兴蚌工程咨询有限公司','陈正国、王国豪、封仁滢18355415996、13955029869、17755263276',0),('202508131418000512239','中国电信四川公司2025年四川省民政厅业务系统综合运维项目','HX-202500060-013','OM','中国电信股份有限公司四川分公司','IT','华信咨询设计研究院有限公司','联 系 人：明惠杨、张芮嘉、胡柏安、蔡红艳、籍静\n电 话：18908176285',0),('202508131459000275468','武汉市养老事业发展促进中心武汉市百岁老人健康守护项目','2025WHXD-C058-F','S','武汉市养老事业发展促进中心','OT','武汉新地工程造价咨询有限公司','尤云、王晓、肖晨、王振宇电   话：027-82790915',0),('202508191715000054203','铜陵市全民健康信息平台数据资产、医疗保障信息平台数据资产、医疗电子票据数据数据资产运营合作开发项目（二次','铜华诚招代【2025】第039号','S','铜陵市财政局','OT','铜陵华诚工程咨询有限公司','古女士0562-2825819',0),('202508261440000286996','大别山（金寨县）区域医疗数据一体化项目（二次）','QT34152420255027','S','金寨县国有资产管理运营有限责任公司','OT','安徽省招标集团股份有限公司','杨工0551-66061352',0),('202508261532000145046','安徽省医疗保障信息平台医保基金与医药企业直接结算、定点零售药店量价比较指数及药品比价项目','2025BFAFZ02211','S','安徽省医疗保障局','OT','安徽省政府采购中心','李工、0551-66223645、66223646',1),('202509041029000532932','淮南市低收入人口动态监测信息平台升级改造工作','HNBJ-2025CG108','S','淮南市民政局','CC','淮南邦杰工程项目管理有限公司','李芳芳（代理机构）17355401829、05547788010',1),('202509071444000411950','黔南州妇幼保健院信息化项目','JHC2025J-213FW号','S','黔南布依族苗族自治州妇幼保健院  ','CC','贵州省金汇实业（集团）有限公司 ','韦梦纯、蒙学艳、姬天娇 08548283666 ',0),('202509090845000431509','马鞍山市社会救助管理中心“核对系统”、“大数据系统”运维项目','AHSYZTB-2025-365','OM','马鞍山市社会救助管理中心','CC','安徽双赢招投标咨询有限责任公司','朱玮、李晨曦0555-2499519',1),('202509091830000232783','芜湖市社会救助大数据信息系统升级优化项目','JSDC[Q]20250909','S','芜湖市民政局','CC','江苏大成工程咨询有限公司','项目联系人：陈工\n电话：18855360334',1),('202509120959000495065','德阳市民政局低收入平台升级拓展项目','SCZC（2025）-0265号','S','德阳市民政局','CC','四川中宸项目管理有限公司','联 系 人： 周女士\n联系电话：0838-2301555',1),('202509181107000446507','肇源县总医院肇源县医共体平台升级改造项目',NULL,'UP',NULL,'UT',NULL,NULL,0),('202509181121000482013','肇源县总医院肇源县医共体平台升级改造项目',NULL,'UP',NULL,'UT',NULL,NULL,0),('202509181122000595806','肇源县总医院肇源县医共体平台升级改造项目','[230622]QC[GK]20250002','S','肇源县总医院','OT','大庆市政府采购中心','张微微0459-6372668',0),('202509191410000012610','宿州市社会救助信息系统运维服务采购项目','AHWL20250908','OM','宿州市民政局','OT','安徽伟宏项目管理有限公司','张工、15555705986',1),('202509230802000354508','青海省低收入人口动态监测信息平台升级改造项目','青政采公招（服务）2025-319号','S','青海省民政厅','OT','青海省政府采购中心  ','周女士0971-6136730',0),('202509231651000527807','芜湖市居民家庭经济状况核对信息系统运维服务项目','/','OM','芜湖市社会救助管理中心','OT','芜湖市民政局','储华丽，0553-3837394',1),('202509240812000205356','大别山（金寨县）区域医疗数据一体化项目（三次）','QT34152420255038','S','金寨县国有资产管理运营有限责任公司','OT','安徽省招标集团股份有限公司','杨工0551-66061352',0),('202510111159000003879','黔南州妇幼保健院信息化项目','JHC2025J-213FW号','S','黔南布依族苗族自治州妇幼保健院    ','CC','贵州省金汇实业（集团）有限公司    ','韦梦纯、蒙学艳、姬天娇    08548283666    ',0),('202510130925000427489','滁州市衔接并轨应用信息化项目','/','S','滁州市民政局','CC','滁州市民政局','王力0550-3011399、13955028781',1),('202510141419000102113','全椒县2025年基本公共卫生服务项目管理信息系统升级改造项目','/','S','全椒县卫生健康委员会','OT','安徽万千工程项目管理有限公司','朱李君 18755051047',1),('202510221713000053273','太湖县社会救助平台升级改造项目','AHHD2025-080','S','太湖县民政局','CC','安徽恒达工程项目管理有限公司','胡女士0556-512900',0),('202510230857000552488','怀宁县疾控前置设备采购项目（接口对接）','AHZT-2024-10851','S','中国电信股份有限公司安庆分公司','DP','中通服供应链股份有限公司安徽分公司','胡慧19966529165',0),('202412270809000304006','南谯区基本公共卫生服务信息系统升级改造建设项目','/','S','滁州市南谯区卫生健康委员会','SCT','安徽百士德工程咨询有限公司','吕倩 0550-3011399、15178499373',0),('/','舒城县基层医疗机构医保药品耗材追溯码信息采集接口改造采购项目','GJZ2024-12-19','S','舒城县卫生健康委员会','SSP','安徽国建招标造价有限公司','陈工，18119741282',0),('202412311608000461740','定远县卫健委基本公共卫生服务信息系统升级改造项目','GS2024-021','S','定远县疾病预防控制中心','UT','安徽锆石项目管理咨询有限公司','陈工13955073761',0);
/*!40000 ALTER TABLE `bid_apply_opts` ENABLE KEYS */;
UNLOCK TABLES;

--
-- Table structure for table `bid_expense_opts`
--

DROP TABLE IF EXISTS `bid_expense_opts`;
/*!40101 SET @saved_cs_client     = @@character_set_client */;
/*!50503 SET character_set_client = utf8mb4 */;
CREATE TABLE `bid_expense_opts` (
  `business_id` varchar(64) COLLATE utf8mb4_unicode_ci DEFAULT NULL,
  `billNo` varchar(64) COLLATE utf8mb4_unicode_ci DEFAULT NULL,
  `apply_business_id` varchar(64) COLLATE utf8mb4_unicode_ci DEFAULT NULL,
  `expense_type` varchar(64) COLLATE utf8mb4_unicode_ci DEFAULT NULL,
  `pay_reason` varchar(64) COLLATE utf8mb4_unicode_ci DEFAULT NULL,
  `pay_amount` decimal(16,2) DEFAULT NULL,
  `pay_remark` varchar(64) COLLATE utf8mb4_unicode_ci DEFAULT NULL,
  `project_name` varchar(64) COLLATE utf8mb4_unicode_ci DEFAULT NULL,
  `project_code` varchar(64) COLLATE utf8mb4_unicode_ci DEFAULT NULL,
  `biz_rep_name` varchar(64) COLLATE utf8mb4_unicode_ci DEFAULT NULL,
  `purchaser_name` varchar(64) COLLATE utf8mb4_unicode_ci DEFAULT NULL
) ENGINE=InnoDB DEFAULT CHARSET=utf8mb4 COLLATE=utf8mb4_unicode_ci;
/*!40101 SET character_set_client = @saved_cs_client */;

--
-- Dumping data for table `bid_expense_opts`
--

LOCK TABLES `bid_expense_opts` WRITE;
/*!40000 ALTER TABLE `bid_expense_opts` DISABLE KEYS */;
INSERT INTO `bid_expense_opts` VALUES ('202501060911000195032','20250001','202412270809000304006','代理服务费',NULL,2000.00,'南谯区基本公共卫生服务信息系统升级改造建设项目代理服务费','南谯区基本公共卫生服务信息系统升级改造建设项目','/','严磊','滁州市南谯区卫生健康委员会'),('202501060918000185413','20250002',NULL,'代理服务费',NULL,3600.00,'代理服务费','舒城县基层医疗机构医保药品耗材追溯码信息采集接口改造采购项目','GJZ2024-12-19','徐登','舒城县卫生健康委员会'),('202501061657000559089','20250003','202412311608000461740','代理服务费',NULL,2000.00,'定远县卫健委基本公共卫生服务信息系统升级改造项目代理费','定远县卫健委基本公共卫生服务信息系统升级改造项目','GS2024-021','徐登','定远县疾病预防控制中心'),('202501081140000199187','20250004',NULL,'投标保证金',NULL,15000.00,'/','合肥水务集团2024年营商环境相关功能新增','2024BFFWZ02321','杨彬彬','合肥水务集团有限公司'),('202501131137000594761','20250005','202501101105000154501','投标保证金',NULL,100000.00,'投标保证金','昆仑数智科技有限责任公司2025年人员外包服务项目及技术服务外包入围项目包1：全国包技术开发类（不含新疆地区）','HBYT-ZBZX-FWZB-2025-0110','徐杰','昆仑数智科技有限责任公司'),('202501131140000009770','20250006','202501101105000154501','投标保证金',NULL,100000.00,'投标保证金','昆仑数智科技有限责任公司2025年人员外包服务项目及技术服务外包入围项目包2：全国包实施运维类（不含新疆地区）','HBYT-ZBZX-FWZB-2025-0111','徐杰','昆仑数智科技有限责任公司'),('202501131141000499085','20250007','202501101105000154501','投标保证金',NULL,100000.00,'投标保证金','昆仑数智科技有限责任公司2025年人员外包服务项目及技术服务外包入围项目包3：全国包咨询服务类（不含新疆地区）','HBYT-ZBZX-FWZB-2025-0112','徐杰','昆仑数智科技有限责任公司'),('202501221539000437834','20250008','202501221811000131899','报名费',NULL,200.00,'标书费','中国石油加油站管理系统运行维护（2025年）项目智慧销售信息系统一线运维服务采购','ZY25-Z227-FW010','徐杰','昆仑数智科技有限责任公司'),('202501221650000539154','20250009','202501151631000535156','代理服务费',NULL,3000.00,'桐城市基层卫生医疗机构信息化系统运维服务项目代理服务费','桐城市基层卫生医疗机构信息化系统运维服务项目','/','刘剑','桐城市卫生健康委员会'),('202501221652000373002','20250009','202501151631000535156','代理服务费',NULL,3000.00,'桐城市基层卫生医疗机构信息化系统运维服务项目代理费','桐城市基层卫生医疗机构信息化系统运维服务项目','/','刘剑','桐城市卫生健康委员会'),('202501241239000498480','20250010','202501212043000250030','代理服务费',NULL,3000.00,'CG-AQ-W2025-025','经开区检验检查互认和公卫慢阻肺功能升级项目','CG-AQ-W2025-025','刘剑','安庆经济技术开发区社会事业发展局'),('202502111435000173210','20250011','202501221811000131899','投标保证金',NULL,50000.00,'ZY25-Z227-FW010项目投标保证金','中国石油加油站管理系统运行维护（2025年）项目智慧销售信息系统一线运维服务采购','ZY25-Z227-FW010','徐杰','昆仑数智科技有限责任公司'),('202502111436000254382','20250011','202501221811000131899','投标保证金',NULL,50000.00,NULL,'中国石油加油站管理系统运行维护（2025年）项目智慧销售信息系统一线运维服务采购','ZY25-Z227-FW010','徐杰','昆仑数智科技有限责任公司'),('202502111437000022841','20250012','202501221811000131899','投标保证金',NULL,50000.00,NULL,'中国石油加油站管理系统运行维护（2025年）项目智慧销售信息系统一线运维服务采购','ZY25-Z227-FW010','徐杰','昆仑数智科技有限责任公司'),('202502111438000307157','20250013',NULL,'代理服务费',NULL,1000.00,'石台县卫生健康委员会基本公共卫生服务信息系统升级改造项目','石台县卫生健康委员会基本公共卫生服务信息系统升级改造项目','/','李杰','石台县卫生健康委员会'),('202502211040000573315','20250014',NULL,'投标保证金',NULL,850.00,'阿里地区藏医院“智慧医院”合作建设项目晶奇标书费','阿里地区藏医院“智慧医院”合作建设项目','XZCQ-2025-02','/','中国农业银行股份有限公司（阿里分行）'),('202502211537000546306','20250015','202502211052000519223','其他','标书费',500.00,'安庆大观区检验检查结果互认和慢阻肺功能升级项目','安庆市大观区检验检查结果互认和基本公共卫生服务慢阻肺功能升级项目','XZCQ-2025-02','刘剑','安庆市大观区卫生健康委员会'),('202502211543000074637','20250015','202502211052000519223','其他','标书费',500.00,'大观区检验检查结果互认和慢阻肺功能升级项目','大观区检验检查结果互认和基本公共卫生服务慢阻肺功能升级项目','HYDL-2025021','刘剑','安庆市大观区卫生健康委员会'),('202502261558000531390','20250016','202501221811000131899','投标保证金',NULL,50000.00,'/','中国石油加油站管理系统运行维护（2025年）项目智慧销售信息系统一线运维服务采购（二次）','ZY25-Z227-FW010','徐杰','昆仑数智科技有限责任公司'),('202502261602000472320','20250017',NULL,'投标保证金',NULL,16000.00,'阿里地区藏医院“智慧医院”合作建设项目投标保证金','阿里地区藏医院“智慧医院” 合作建设项目','ZY25-Z227-FW010','卢秀良','中国农业银行股份有限公司（阿里分行）'),('202503051528000507949','20250018','202502211052000519223','代理服务费',NULL,2000.00,'大观区检验检查结果互认和基本公共卫生服务慢阻肺功能升级项目','安庆市大观区检验检查结果互认和基本公共卫生服务慢阻肺功能升级项目','HYDL-2025021','刘剑','安庆市大观区卫生健康委员会'),('202503111527000161856','20250019','202501221811000131899','投标保证金',NULL,15000.00,'ZY25-Z227-FW035 投标保证金','中国石油天然气零售系统运行维护（2025年）项目天然气零售系统及配套的一线运维服务采购','ZY25-Z227-FW035','徐杰','昆仑数智科技有限责任公司'),('202503191545000115644','20250020','202501221811000131899','其他','管理费',5000.00,'/','中国石油天然气零售系统运行维护（2025年）项目天然气零售系统及配套的一线运维服务采购','ZY25-Z227-FW035','徐杰','昆仑数智科技有限责任公司'),('202503241546000589783','20250021','202503240928000313573','其他','CA续费',800.00,'安徽晶奇网络科技股份有限公司CA办理费','南阳市第一人民医院医养信息系统采购项目','卧龙政采磋商-2025-12','陈可','南阳市第一人民医院'),('202503271147000549545','20250022','202502241702000195942','其他','预付款保函',184000.00,'/','马鞍山市智慧养老服务信息平台项目','MASCG-0-J-F-2025-0105','王家岭','马鞍山市民政局'),('202504011048000522292','20250023','202503261055000175001','投标保证金',NULL,50000.00,'ZY25-Z227-FW046 投标保证金','云梦泽智慧平台项目测试服务','ZY25-Z227-FW046','徐杰','昆仑数智科技有限责任公司'),('202504011052000558264','20250023','202503261055000175001','投标保证金',NULL,50000.00,'ZY25-Z227-FW046 投标保证金','云梦泽智慧平台项目测试服务','ZY25-Z227-FW046','徐杰','昆仑数智科技有限责任公司'),('202504011059000435203','20250024','202503261055000175001','投标保证金',NULL,50000.00,'/','云梦泽智慧平台项目测试服务','ZY25-Z227-FW046','杨彬彬','昆仑数智科技有限责任公司'),('202504011707000481652','20250025',NULL,'代理服务费',NULL,9900.00,'安徽省某单位产品及服务030040甄选项目代理服务费','安徽省某单位产品及服务030040甄选项目','ZYJC-ZX-202503-0135','卢秀良','中移系统集成有限公司'),('202504021036000074701','20250026','202503190944000313947','代理服务费',NULL,10300.00,'六安市医保数据专区建设及数据开发利用采购项目第3包代理服务费','六安市医保数据专区建设及数据开发利用采购项目第3包','FS34150120250066号','凌云峰','六安市医疗保障局'),('202504031439000413710','20250027','202504151600000197320','代理服务费',NULL,2000.00,'代理服务费','铜陵市郊区社会救助综合服务平台运维服务项目','GDZB-2023-108','王家岭','铜陵郊区民政局'),('202504031458000042844','20250028',NULL,'履约保证金',NULL,270000.00,'/','安徽省某单位产品及服务030040甄选项目','ZYJC-ZX-202503-0135','卢秀良','中移系统集成有限公司'),('202504031507000350512','20250029','202503240928000313573','代理服务费',NULL,19232.00,'代理服务费','南阳市第一人民医院医养信息系统采购项目-1标段','卧龙政采磋商-2025-12','陈可','南阳市第一人民医院'),('202504031508000547844','20250030','202503240928000313573','其他','评审费',6000.00,'评审费','南阳市第一人民医院医养信息系统采购项目-1标段','卧龙政采磋商-2025-12','陈可','南阳市第一人民医院'),('202504071544000148136','20250031',NULL,'其他','入库保证金',50000.00,'/','山东信达物联应用技术有限公司供应商入库','/','杨彬彬','/'),('202504071548000163298','20250031',NULL,'其他','入库保证金',50000.00,'/','山东信达物联应用技术有限公司供应商入库','/','曹运节','/'),('202504110955000187042','20250032','202503281050000278882','代理服务费',NULL,15245.00,'长丰县卫生健康委信息化运维项目代理服务费','长丰县卫生健康委信息化运维项目','2025ACCFN00070','戴天明','长丰县卫生健康委'),('202504170915000235973','20250033','202504160848000330716','报名费',NULL,400.00,'安徽省民政厅信息系统运维项目','安徽省民政厅信息系统运维项目','2025ACCFN00070','王家岭','安徽省申请救助家庭经济状况核对中心（安徽省民政信息中心）'),('202504171130000294116','20250034','202503261055000175001','其他','5000',5000.00,'/','云梦泽智慧平台项目测试服务','ZY25-Z227-FW046','徐杰','昆仑数智科技有限责任公司'),('202504221411000160236','20250035','202504160848000330716','投标保证金',NULL,2000.00,'安徽省民政厅信息系统运维项目 AZZB-2025-FW040902 投标保证金','安徽省民政厅信息系统运维项目','AZZB-2025-FW040902','王家岭','安徽省申请救助家庭经济状况核对中心（安徽省民政信息中心）'),('202504230934000272746','20250036','202504160848000330716','投标保证金',NULL,2000.00,'/','安徽省民政厅信息系统运维项目','AZZB-2025-FW040902','王家岭','安徽省申请救助家庭经济状况核对中心（安徽省民政信息中心）'),('202504231515000144166','20250037','202501221811000131899','履约保证金','履约保函',448000.00,'/','中国石油加油站管理系统运行维护（2025年）项目智慧销售信息系统一线运维服务采购','ZY25-Z227-FW010','徐杰','昆仑数智科技有限责任公司'),('202504231517000031825','20250038','202503261055000175001','履约保证金','履约保函',410000.00,'/','云梦泽智慧平台项目测试服务','ZY25-Z227-FW046','徐杰','昆仑数智科技有限责任公司'),('202504250922000482724','20250039','202503281050000278882','其他','预付款保函',904200.00,'/','长丰县卫生健康委信息化运维项目','2025ACCFN00070','戴天明','长丰县卫生健康委员会'),('202504271123000063960','20250040','202504221252000343215','代理服务费',NULL,8775.00,'代理服务费','杜尔伯特蒙古族自治县蒙古族医院医院管理系统升级项目','[230624]FDGJ[DY]20250001','陈伟','杜尔伯特蒙古族自治县蒙古族医院'),('202504291129000471061','20250041','202503051558000235908','履约保证金',NULL,92800.00,'/','中国石油天然气零售系统运维维护(2025年)项目天然气零售系统及配套的一线运维服务采购','ZY25-Z227-FW035','徐杰','昆仑数智科技有限责任公司'),('202504291135000508728','20250041','202503051558000235908','履约保证金','履约保函',92800.00,'/','中国石油天然气零售系统运维维护(2025年)项目天然气零售系统及配套的一线运维服务采购','ZY25-Z227-FW035','徐杰','昆仑数智科技有限责任公司'),('202504301526000095531','20250042','202504160848000330716','报名费',NULL,400.00,'安徽省民政厅信息系统运维项目（二次）','安徽省民政厅信息系统运维项目（二次）','AZZB-2025-FW040902B','王家岭','安徽省申请救助家庭经济状况核对中心（安徽省民政信息中心）'),('202505061435000548458','20250043','202505061006000374798','报名费',NULL,300.00,'固镇县卫健委基层卫生院国家传染病预警监测前置软件部署项目','固镇县卫健委基层卫生院国家传染病预警监测前置软件部署项目','/','戴天明','固镇县卫健委'),('202505121000000177807','20250044','202504160848000330716','投标保证金',NULL,2000.00,'/','安徽省民政厅信息系统运维项目（二次）','AZZB-2025-FW040902B','王家岭','安徽省申请救助家庭经济状况核对中心（安徽省民政信息中心）'),('202505141408000108594','20250045','202505061006000374798','代理服务费',NULL,4200.00,'固镇县卫健委基层卫生院国家传染病预警监测前置软件部署项目','固镇县卫健委基层卫生院国家传染病预警监测前置软件部署项目','/','戴天明','固镇县卫健委'),('202505161040000055852','20250046','202505061006000374798','履约保证金',NULL,3795.00,'固镇卫健委卫生院国家传染病预警监测前置软件部署项目履约保证金','固镇县卫健委基层卫生院国家传染病预警监测前置软件部署项目','/','戴天明','固镇县财政局'),('202505190939000001111','20250047','202504291246000179043','履约保证金',NULL,109250.00,'濉溪县妇幼保健院信息化建设采购项目履约保证金','濉溪县妇幼保健院信息化建设采购项目','SXQT-25014','陶飞','濉溪县妇幼保健院'),('202505191016000400034','20250048','202504291246000179043','代理服务费',NULL,43676.00,'GN2025-02-2439/SXQT-25014','濉溪县妇幼保健院信息化建设采购项目','SXQT-25014','陶飞','濉溪县妇幼保健院'),('202505191501000303518','20250049','202504160848000330716','其他',NULL,5000.00,'/','安徽省民政厅信息系统运维项目（二次）','AZZB-2025-FW040902B','王家岭','安徽省申请救助家庭经济状况核对中心（安徽省民政信息中心）'),('202505300948000354472','20250050','202505161748000254601','代理服务费',NULL,4000.00,'项目编号SCGX2025031 代理费','绵阳市居民家庭经济状况核对系统和绵阳市低收入人口动态监测预警平台系统信息化建设服务项目','SCGX2025031','李杨','绵阳市民政局'),('202506051056000216087','20250051','202506040854000485736','其他','CA证书费用',240.00,'CA证书新办','池州市核对项目','/','伍继峰','/'),('202506051129000464308','20250052','202505271406000171761','代理服务费',NULL,10308.00,'博爱成都信息化建设服务采购项目包1代理服务费','博爱成都信息化建设服务采购项目','0701-2541SC110436','李杨','成都市红十字会'),('202506101529000372800','20250053','202505291501000317124','代理服务费',NULL,6000.00,'安居区民政局“安逸救”一体化综合服务平台项目代理服务费','安居区民政局“安逸救”一体化综合服务平台项目','SCXY-2025-101号','李杨','遂宁市安居区民政局'),('202506201640000483333','20250054','202506160958000489138','代理服务费',NULL,2250.00,'项目编号：WJXM-2025046 代理服务费','望江县开展全省“两项政策”衔接并轨改革试点工作之民政低收入平台系统升级项目','WJXM-2025046','伍继峰','望江县民政局'),('202506241435000137869','20250055','202506131612000213374','代理服务费',NULL,4000.00,'桐城市医共体检验互联互通服务项目代理费','桐城市医共体检验互联互通服务项目','/','刘剑','桐城市卫生健康委员会'),('202506251047000170036','20250056','202506200848000589716','代理服务费',NULL,3000.00,'徽州区“两项政策”衔接并轨采购项目代理费','徽州区“两项政策”衔接并轨采购项目','ahzx20250605','伍继峰','黄山市徽州区民政局'),('202507041603000425317','20250057','202506262054000503741','代理服务费',NULL,2000.00,'项目编号 AHZCZB(2025)032 代理费','阜阳市防止返贫帮扶政策和农村低收入人口常态化帮扶政策衔接并轨监测模块建设项目','AHZCZB(2025)032','夏京京','阜阳市民政局'),('202507141130000284294','20250058','202506131612000213374','代理服务费',NULL,10935.00,'桐城市区域合理用药管理系统项目','桐城市区域合理用药管理系统项目','H1QT25Z990154','刘剑','桐城市卫生健康委员会'),('202507141136000056254','20250058','202506131612000213374','代理服务费',NULL,10935.00,'桐城市区域合理用药管理系统项目','桐城市区域合理用药管理系统项目','H1QT25Z990154','刘剑','桐城市卫生健康委员会'),('202507141149000569261','20250059','202506131612000213374','履约保证金',NULL,18225.00,'桐城市区域合理用药管理系统项目履约保证金','桐城市区域合理用药管理系统项目','H1QT25Z990154','刘剑','桐城市卫生健康委员会'),('202507221134000541960','20250060','202507161700000205377','投标保证金',NULL,30000.00,'生产管理系统运行维护项目运维服务分包保证金','生产管理系统运行维护项目运维服务分包','HBYT-ZBZX-FWZB-2025-0604','徐杰','昆仑数智科技有限责任公司'),('202507310930000245929','20250061','202507301755000087540','报名费',NULL,300.00,'安徽晶奇网络股份有限公司AHDX250438 包一标书费','中电信数智科技有限公司安徽分公司阜阳市县域基层医疗信息化建设项目包1','AHDX250438','陈牧阳','中电信数智科技有限公司安徽分公司'),('202507311717000303684','20250063','202507251409000375403','代理服务费',NULL,1200.00,'巢湖市基层卫生院国家传染病预警监测前置软件部署项目','巢湖市基层卫生院国家传染病预警监测前置软件部署建设项目','2025JRAZB0025','汪芳','巢湖市烔炀镇中心卫生院'),('202507311719000573872','20250062','202507181029000207792','代理服务费',NULL,2000.00,'铜陵市郊区衔接并轨应用信息化项目','铜陵市郊区衔接并轨应用信息化项目','GDZB-2025-044','王家岭','铜陵郊区民政局'),('202507311720000405483','20250063','202507251409000375403','代理服务费',NULL,1200.00,'巢湖市基层卫生院国家传染病预警监测前置软件部署项目','巢湖市基层卫生院国家传染病预警监测前置软件部署建设项目','2025JRAZB0025','汪芳','巢湖市烔炀镇中心卫生院'),('202508041529000243641','20250064','202507301755000087540','投标保证金',NULL,20000.00,'AHDX250438保证金','中电信数智科技有限公司安徽分公司阜阳市县域基层医疗信息化建设项目','AHDX250438','陈牧阳','中电信数智科技有限公司安徽分公司'),('202508041530000424817','20250065','202507301755000087540','投标保证金',NULL,20000.00,NULL,'中电信数智科技有限公司安徽分公司阜阳市县域基层医疗信息化建设项目','AHDX250438','陈牧阳','中电信数智科技有限公司安徽分公司'),('202508041531000395360','20250066','202507301755000087540','投标保证金',NULL,20000.00,NULL,'中电信数智科技有限公司安徽分公司阜阳市县域基层医疗信息化建设项目','AHDX250438','陈牧阳','中电信数智科技有限公司安徽分公司'),('202508041740000010363','20250065','202507301755000087540','投标保证金',NULL,20000.00,NULL,'中电信数智科技有限公司安徽分公司阜阳市县域基层医疗信息化建设项目','AHDX250438','陈牧阳','中电信数智科技有限公司安徽分公司'),('202508060925000151579','20250067','202507220907000285865','其他','代理费及评审费',2970.00,'宿州市低收入人口动态监测信息平台升级改造项目代理费及评审费','宿州市低收入人口动态监测信息平台升级改造项目','AHWL20250721','王家岭','宿州市民政局'),('202508081404000486930','20250068','202507280939000193081','投标保证金',NULL,30000.00,'“青海e就业”信息系统建设项目（包2投标保证金）','“青海e就业”信息系统建设项目','青海硕方公招（服务）2025-021','曹运节','青海省就业服务局'),('202508110959000594781','20250069',NULL,'投标保证金',NULL,87000.00,'威信县紧密型医共体服务平台建设项目投标保证金','威信县紧密型医共体服务平台建设项目','YNLL-202507172','杨彬彬','威信县人民医院'),('202508111006000272817','20250070','202507281616000528983','代理服务费',NULL,27528.00,'2025ADDFN00120代理服务费','肥东县2020年卫生健康信息化智慧医疗建设项目运维项目','2025ADDFN00120','戴天明','肥东县卫生健康委员会'),('202508111436000491758','20250071','202507281156000073475','代理服务费',NULL,3244.00,'三明市养老服务综合管理平台升级改造项目-采购包1','三明市养老服务综合管理平台升级改造项目','闽宏正[2025]明招010号','夏京京','三明市民政局'),('202508130909000368819','20250072','202507281136000177921','代理服务费',NULL,11970.00,'SCJC-FZ(P)-202507032代理服务费','攀枝花共同富裕试验区低收入群体监测帮扶服务平台（数字驾驶舱）二期建设采购项目','SCJC-FZ(P)-202507032','杨维强','攀枝花市人力资源和社会保障信息中心'),('202508201033000102607','20250073','202505271406000171761','代理服务费',NULL,10188.00,'博爱成都信息化建设服务采购项目代理服务费','博爱成都信息化建设服务采购项目','0701-2541SC110436','李杨','成都市红十字会'),('202508201037000196988','20250073','202505271406000171761','代理服务费',NULL,10188.00,'博爱成都信息化建设服务采购项目代理服务费','博爱成都信息化建设服务采购项目','0701-2541SC110436','李杨','成都市红十字会'),('202508211010000334764','20250074','202508081623000583996','代理服务费',NULL,6300.00,'EP-SXQT2025039代理服务费','泗县妇幼保健计划生育服务中心（泗县妇幼保健院）智慧医院建设项目','EP-SXQT2025039','徐登','泗县妇幼保健计划生育服务中心（泗县妇幼保健院）'),('202508261632000237252','20250075','202508081623000583996','履约保证金',NULL,7796.00,'项目编号：EP-SXQT2025039履约保证金','泗县妇幼保健计划生育服务中心（泗县妇幼保健院）智慧医院建设项目','EP-SXQT2025039','徐登','泗县妇幼保健计划生育服务中心（泗县妇幼保健院）'),('202508290915000504881','20250076','202508131418000512239','代理服务费',NULL,6000.00,'HX-202500060-013代理服务费','中国电信四川公司2025年四川省民政厅业务系统综合运维项目','HX-202500060-013','李杨','中国电信股份有限公司四川分公司'),('202509050937000430384','20250077','202507301755000087540','履约保证金',NULL,61480.00,'阜阳市县域基层医疗信息化建设项目AHDX250438履约保证金','中电信数智科技有限公司安徽分公司阜阳市县域基层医疗信息化建设项目','AHDX250438','陈牧阳','中电信数智科技有限公司安徽分公司'),('202509151004000299361','20250078','202509041029000532932','代理服务费',NULL,3000.00,'淮南市低收入人口动态监测信息平台升级改造工作代理服务费','淮南市低收入人口动态监测信息平台升级改造工作','HNBJ-2025CG108','夏京京','淮南市民政局'),('202509231458000511717','20250079','202509090845000431509','代理服务费',NULL,3000.00,'马鞍山市社会救助核对系统大数据系统运维项目代理服务费','马鞍山市社会救助管理中心“核对系统”、“大数据系统”运维项目','AHSYZTB-2025-365','王家岭','马鞍山市社会救助管理中心'),('202509241416000347590','20250080','202509091830000232783','代理服务费',NULL,3106.32,'芜湖市社会救助大数据信息系统升级优化项目代理费','芜湖市社会救助大数据信息系统升级优化项目','JSDC[Q]20250909','伍继峰','芜湖市民政局'),('202509241418000083905','20250080','202509091830000232783','代理服务费',NULL,3106.32,'芜湖市社会救助大数据信息系统升级优化项目代理费','芜湖市社会救助大数据信息系统升级优化项目','JSDC[Q]20250909','伍继峰','芜湖市民政局'),('202509281411000480395','20250081','202509120959000495065','代理服务费',NULL,2538.00,'德阳市民政局低收入人口动态监测平台升级拓展项目代理服务费','德阳市民政局低收入人口动态监测平台升级拓展项目','SCZC（2025）-0265号','李杨','德阳市民政局'),('202509281413000290669','20250082','202509181122000595806','投标保证金',NULL,60000.00,'肇源县医共体平台升级改造项目投标保证金','肇源县医共体平台升级改造项目','[230622]QC[GK]20250002','卢秀良','肇源县总医院'),('202510131143000093134','20250083','202509191410000012610','代理服务费',NULL,3195.00,'AHWL20250908项目采购代理服务费及专家评审费','宿州市社会救助信息系统运维服务采购项目','AHWL20250908','王家岭','宿州市民政局'),('202510131348000083896','20250083','202509191410000012610','代理服务费',NULL,3195.00,'AHWL20250908项目采购代理服务费及专家评审费','宿州市社会救助信息系统运维服务采购项目','AHWL20250908','王家岭','宿州市民政局'),('202510200954000499112','20250084','202510141419000102113','代理服务费',NULL,2000.00,'全椒县2025年基本公卫服务系统升级改造代理服务费','全椒县2025年基本公共卫生服务项目管理信息系统升级改造项目','/','徐登','全椒县卫生健康委员会'),('202510210902000448045','20250085',NULL,'投标保证金',NULL,60000.00,'威信县紧密型医共体服务平台建设项目（二次）投标保证金','威信县紧密型医共体服务平台建设项目（二次）','ZTZC2025-G1-01155-YNLL-0041','杨彬彬','威信县人民医院'),('202510210911000466219','20250086','202510130925000427489','代理服务费',NULL,3800.00,'滁州市衔接并轨应用信息化项目','滁州市衔接并轨应用信息化项目','/','王家岭','滁州市民政局'),('202510210917000100363','20250086','202510130925000427489','代理服务费',NULL,3800.00,'滁州市衔接并轨应用信息化项目','滁州市衔接并轨应用信息化项目','/','王家岭','滁州市民政局');
/*!40000 ALTER TABLE `bid_expense_opts` ENABLE KEYS */;
UNLOCK TABLES;

--
-- Table structure for table `bid_info_opts`
--

DROP TABLE IF EXISTS `bid_info_opts`;
/*!40101 SET @saved_cs_client     = @@character_set_client */;
/*!50503 SET character_set_client = utf8mb4 */;
CREATE TABLE `bid_info_opts` (
  `apply_business_id` varchar(32) COLLATE utf8mb4_unicode_ci DEFAULT NULL,
  `bid_amount` decimal(16,2) DEFAULT '0.00',
  `bid_date` datetime DEFAULT NULL,
  `software_amount` decimal(16,2) DEFAULT '0.00',
  `hardware_amount` decimal(16,2) DEFAULT '0.00',
  `operation_amount` decimal(16,2) DEFAULT '0.00',
  `result_url` longtext COLLATE utf8mb4_unicode_ci
) ENGINE=InnoDB DEFAULT CHARSET=utf8mb4 COLLATE=utf8mb4_unicode_ci;
/*!40101 SET character_set_client = @saved_cs_client */;

--
-- Dumping data for table `bid_info_opts`
--

LOCK TABLES `bid_info_opts` WRITE;
/*!40000 ALTER TABLE `bid_info_opts` DISABLE KEYS */;
INSERT INTO `bid_info_opts` VALUES ('202503171610000593157',841280.00,'2025-03-20 00:00:00',760000.00,0.00,0.00,NULL),('202506061924000354569',1120000.00,'2025-06-27 09:30:00',1120000.00,0.00,0.00,'https://ggzy.hefei.gov.cn/jyxx/002002/002002001/20250606/0b7b7c4d-3e83-4758-9947-43222a0bae61.html?ztbtab=002002004&biaoduanguid=58425f25-e6f1-4244-90b6-035fc19a5aef'),('202510130925000427489',84000.00,'2025-10-16 00:00:00',83000.00,0.00,0.00,'https://mzj.chuzhou.gov.cn/tzgg/1104450422.html'),('202501151631000535156',273040.00,'2025-01-22 15:00:00',0.00,0.00,273040.00,NULL),('202507301755000087540',2900000.00,'2025-08-07 09:30:00',2900000.00,0.00,0.00,'https://caigou.chinatelecom.com.cn/'),('202507220907000285865',100000.00,'2025-07-31 00:00:00',83000.00,0.00,0.00,'https://www.ahtba.org.cn/site/trade/affiche/detail/b690ff0a-660d-11f0-af84-00163e0cccfc'),('202504291246000179043',4420000.00,'2025-05-15 00:00:00',2550000.00,1820000.00,0.00,'https://ggzy.huaibei.gov.cn/jyxx/002006/002006003/002006003002/20250515/a73ccd0d-a6da-4021-8470-b9c94f232b76.html'),('202504151600000197320',NULL,NULL,NULL,NULL,NULL,NULL),('202509191410000012610',94000.00,'2025-09-29 00:00:00',0.00,0.00,93000.00,'https://www.ahtba.org.cn/site/trade/affiche/detail/3a09312e-8c8b-11f0-af84-00163e0cccfc'),('202503111533000029711',240000.00,'2025-03-24 00:00:00',240000.00,0.00,0.00,'https://www.ccgp.gov.cn/cggg/dfgg/dylygg/202503/t20250311_24276190.htm'),('202504181208000401290',61000.00,'2025-05-09 00:00:00',0.00,0.00,61000.00,'https://wjw.hefei.gov.cn/xwzx/tzgg/18842235.html'),('202505161216000377228',68000.00,'2025-05-26 00:00:00',0.00,0.00,68000.00,NULL),('202507251409000375403',108800.00,'2025-07-30 00:00:00',108800.00,0.00,0.00,'https://www.chaohu.gov.cn/public/18761/111245672.html'),('202506131612000213374',248500.00,'2025-06-19 10:00:00',246000.00,0.00,0.00,'https://www.tongcheng.gov.cn/public/2000002251/2024338583.html'),('202501221811000131899',4480000.00,'2025-02-28 08:00:00',0.00,0.00,4480000.00,NULL),('202507281156000073475',216630.00,'2025-08-08 00:00:00',216330.00,0.00,0.00,'https://easy-prt.com/project?id=3eb1b15d165271e0b14d4cd3951105ee&type=01'),('202505291501000317124',242500.00,'2025-06-10 00:00:00',242500.00,0.00,0.00,'https://zbcg.scggjyxh.com/recruitInformationDetail?id=89c04ca7-5590-40fa-9594-8567bc5020bd'),('202509041029000532932',84341.00,'2025-09-15 00:00:00',84199.00,0.00,0.00,'https://mzj.huainan.gov.cn/xwzx/tzgg/551840739.html'),('202508081623000583996',405000.00,'2025-08-19 00:00:00',389800.00,0.00,0.00,'https://ggzyjy.ahsz.gov.cn/jyxx/001005/001005002/20250819/dd2bec47-eee3-4149-a815-3dad7988d9b4.html'),('202503051445000551554',NULL,NULL,NULL,NULL,NULL,NULL),('202506262054000503741',77500.00,'2025-07-02 00:00:00',77500.00,0.00,0.00,'http://www.ahtba.org.cn/site/trade/affiche/detail/7b2b0464-526c-11f0-af84-00163e0cccfc'),('202509091830000232783',259000.00,'2025-09-22 09:30:00',258860.00,0.00,0.00,'https://mzj.wuhu.gov.cn/tzgg/gg/8870407.html'),('202505161748000254601',280000.00,'2025-05-29 00:00:00',278000.00,0.00,0.00,'https://mymz.my.gov.cn/mysmzj/c100648/202505/c7c451e953ba4b44a1a3009de4343022.shtml'),('202502261752000453808',NULL,NULL,NULL,NULL,NULL,NULL),('202507181029000207792',96000.00,'2025-07-23 00:00:00',96000.00,0.00,0.00,NULL),('202506301609000526730',735000.00,'2025-07-08 00:00:00',729000.00,0.00,0.00,'https://aqggzy.anqing.gov.cn/bid_dydetail.html?categoryNum=003008004&infoid=df34120f-08e4-44b0-8f71-d71fd61b7d9azbgs&typecode=c3255e6b-165e-4752-8152-3e12e8742bba'),('202503240928000313573',1193000.00,'2025-04-01 00:00:00',146000.00,1040000.00,0.00,'http://ggzyjy.wolong.gov.cn/jyxx/002002/002002001/20250318/04dec543-e72a-4558-b4fc-cd2703b42734.html'),('202506200848000589716',155000.00,'2025-06-25 00:00:00',155000.00,0.00,0.00,NULL),('202504160848000330716',214900.00,'2025-05-13 15:00:00',0.00,0.00,213900.00,NULL),('202503281050000278882',1509000.00,'2025-04-10 10:00:00',0.00,0.00,1507000.00,'https://ggzy.hefei.gov.cn/jyxx/002002/002002001/20250328/d0b9f3e0-2241-424c-b7fa-ac89581e5e6c.html'),('202505091957000135778',1290500.00,'2025-08-19 14:00:00',0.00,0.00,1287900.00,NULL),('202507281136000177921',800000.00,'2025-08-07 00:00:00',798000.00,0.00,0.00,NULL),('202506160958000489138',153180.00,'2025-06-20 10:00:00',150000.00,0.00,0.00,NULL),('202505070921000217887',10000.00,'2025-05-09 10:00:00',10000.00,0.00,0.00,NULL),('202502241702000195942',490000.00,'2025-03-10 00:00:00',460000.00,0.00,0.00,'https://zbcg.mas.gov.cn/masggzynew/jyxx/002002/002002001/002002001004/20250224/6cb143aa-6202-4b52-92c8-7ca1034c49d9.html'),('202509120959000495065',191000.00,'2025-09-24 14:30:00',188000.00,0.00,0.00,NULL),('202508131418000512239',NULL,NULL,NULL,NULL,NULL,NULL),('202501081508000114134',NULL,NULL,NULL,NULL,NULL,NULL),('202505061006000374798',151800.00,'2025-05-12 15:00:00',151800.00,0.00,0.00,'https://www.guzhen.gov.cn/gzdt/ztzl/zbcg/81351272.html'),('202502211052000519223',61600.00,'2025-03-03 00:00:00',60000.00,0.00,0.00,'http://www.ahtba.org.cn/site/trade/affiche/detail/ad71c92f-eff8-11ef-af84-00163e0cccfc'),('202510141419000102113',45000.00,'2025-10-17 15:00:00',45000.00,0.00,0.00,NULL),('202502061122000028551',60000.00,'2025-01-03 17:30:00',60000.00,0.00,0.00,'https://szecp.crc.com.cn/'),('202503201627000403318',50000.00,'2025-03-28 00:00:00',50000.00,0.00,0.00,'https://hljcg.hlj.gov.cn/fwgccs/newdetailsDemand?id=9669f520398b4b4582ec3416c8c53767'),('202510230857000552488',NULL,NULL,NULL,NULL,NULL,NULL),('202503190944000313947',695500.00,'2025-03-28 00:00:00',688000.00,0.00,0.00,'https://ggzy.luan.gov.cn/jyxxparentDetail.html?infoid=c2ba03d3-8fe9-4c13-8533-8d55a1f6be45&categorynum=001002006&relationguid=3bb3a444-a0e2-4838-bc82-0270c9b24ea0'),('202509090845000431509',195200.00,'2025-09-19 15:00:00',0.00,0.00,194000.00,'https://www.ahtba.org.cn/site/trade/affiche/detail/fd01d35e-8c8e-11f0-af84-00163e0cccfc'),('202508010959000135634',2050000.00,'2025-08-22 00:00:00',2050000.00,0.00,0.00,NULL),('202503261055000175001',4100000.00,'2025-04-08 08:00:00',4100000.00,0.00,0.00,NULL),('202501212043000250030',59500.00,'2025-01-24 08:30:00',59000.00,0.00,0.00,NULL),('202507141027000501769',25000.00,'2025-07-22 00:00:00',24000.00,0.00,0.00,'http://qzs01y.cn/newsinfo/8552618.html'),('202506301409000092279',48000.00,'2025-07-11 00:00:00',48000.00,0.00,0.00,NULL),('202507281616000528983',2568000.00,'2025-08-08 14:30:00',0.00,0.00,2566000.00,'https://www.ccgp-anhui.gov.cn/site/detail?parentId=oJCosldFbaJFzmyFhz1c6Q==&articleId=q/DFWEse74PD83b/cpiLPQ=='),('202509231651000527807',55000.00,'2025-09-30 00:00:00',0.00,0.00,55000.00,'https://mzj.wuhu.gov.cn/tzgg/gg/8872843.html'),('202504071737000472312',189000.00,'2025-04-15 00:00:00',189000.00,0.00,0.00,NULL),('202508261532000145046',1360000.00,'2025-09-16 00:00:00',1360000.00,0.00,0.00,'https://ggzy.hefei.gov.cn/jyxx/002002/002002001/20250825/7d8e076c-93dc-4562-9785-7c4a35325f47.html'),('202504221252000343215',586000.00,'2025-04-27 09:00:00',585000.00,0.00,0.00,'https://hljcg.hlj.gov.cn/maincms-web/articleHlj?type=notice&id=fd9bcb0f-ad83-4537-a17c-bc206cfffc83&planId=2c90873d96576ec501965af6db830f98'),('202503051558000235908',928000.00,'2025-03-17 00:00:00',0.00,0.00,928000.00,NULL),('202505301839000019387',218000.00,'2025-06-16 00:00:00',210000.00,0.00,0.00,'https://mzt.sc.gov.cn/scmzt/gsgg/2025/6/16/32255812720a4d53a463981d4d0cb1e4.shtml'),('202501142120000435429',759000.00,'2025-01-20 00:00:00',0.00,0.00,750200.00,'https://ggzy.hefei.gov.cn/jyxx/002002/002002001/20250114/20f1ba49-bd3d-4825-a2ce-6c071bbb5062.html?ztbtab=002002013'),('202505271406000171761',899000.00,'2025-06-03 00:00:00',849000.00,0.00,0.00,NULL),('202505210906000349533',274000.00,'2025-05-28 10:00:00',255300.00,0.00,0.00,'https://ctbpsp.com/#/bulletinDetail?uuid=5a6e69dd-6633-4b4a-a7c8-d0dd3a9d0b08&inpvalue=%E5%8D%9A%E7%88%B1%E6%88%90%E9%83%BD%E4%BF%A1%E6%81%AF%E5%8C%96%E5%BB%BA%E8%AE%BE%E6%9C%8D%E5%8A%A1%E9%87%87%E8%B4%AD%E9%A1%B9%E7%9B%AE&dataSource=0&tenderAgency=');
/*!40000 ALTER TABLE `bid_info_opts` ENABLE KEYS */;
UNLOCK TABLES;
/*!40103 SET TIME_ZONE=@OLD_TIME_ZONE */;

/*!40101 SET SQL_MODE=@OLD_SQL_MODE */;
/*!40014 SET FOREIGN_KEY_CHECKS=@OLD_FOREIGN_KEY_CHECKS */;
/*!40014 SET UNIQUE_CHECKS=@OLD_UNIQUE_CHECKS */;
/*!40101 SET CHARACTER_SET_CLIENT=@OLD_CHARACTER_SET_CLIENT */;
/*!40101 SET CHARACTER_SET_RESULTS=@OLD_CHARACTER_SET_RESULTS */;
/*!40101 SET COLLATION_CONNECTION=@OLD_COLLATION_CONNECTION */;
/*!40111 SET SQL_NOTES=@OLD_SQL_NOTES */;

-- Dump completed on 2025-11-13 16:08:03
